{
    "rmse": 0.69928731220287,
    "mae": 0.5473795322741307,
    "r2": 0.29447014138231986
}